va,name,xref_count,subsystems
0x10001AF1,caseD_0,1,comms-hf
0x10001BE5,default,1,comms-hf
0x10001BF3,caseD_2,1,comms-hf
0x10001C01,caseD_3,1,comms-hf
0x10001C10,switchdataD_10001c10,1,comms-hf
0x10001E58,default,1,comms-hf
0x10001E63,caseD_0,1,comms-hf
0x10001E68,caseD_1,1,comms-hf
0x10001E6D,caseD_2,1,comms-hf
0x10001E72,caseD_3,1,comms-hf
0x10001E77,caseD_4,1,comms-hf
0x10001E7C,caseD_5,1,comms-hf
0x10001E81,caseD_6,1,comms-hf
0x10001E86,caseD_7,1,comms-hf
0x10001E8B,caseD_8,1,comms-hf
0x10001E90,caseD_9,1,comms-hf
0x10001E95,caseD_a,1,comms-hf
0x10001E9A,caseD_b,1,comms-hf
0x10001EA2,caseD_c,1,comms-hf
0x10001EAA,caseD_d,1,comms-hf
0x10001EB2,caseD_e,1,comms-hf
0x10001EBA,caseD_f,1,comms-hf
0x10001EC2,caseD_10,1,comms-hf
0x10001ECA,caseD_11,1,comms-hf
0x10001ED2,caseD_12,1,comms-hf
0x10001EEC,switchdataD_10001eec,1,comms-hf
0x10001F7E,default,1,comms-hf
0x10001F86,caseD_0,1,comms-hf
0x10001F91,caseD_1,1,comms-hf
0x10001F9D,caseD_2,1,comms-hf
0x10001FA9,caseD_3,1,comms-hf
0x10001FB5,caseD_4,1,comms-hf
0x10001FC1,caseD_5,1,comms-hf
0x10001FCD,caseD_6,1,comms-hf
0x10001FD9,caseD_7,1,comms-hf
0x10001FE8,switchdataD_10001fe8,1,comms-hf
0x10005150,<unnamed>,3,comms-hf
0x10005160,<unnamed>,8,comms-hf
0x10005164,<unnamed>,6,comms-hf
0x10005168,<unnamed>,5,comms-hf
0x1000516C,<unnamed>,2,comms-hf
0x10005170,<unnamed>,2,comms-hf
0x10005174,<unnamed>,1,comms-hf
0x10005460,<unnamed>,2,comms-hf
0x10005464,<unnamed>,1,comms-hf
0x10005468,<unnamed>,4,comms-hf
0x1000546C,<unnamed>,3,comms-hf
0x10005470,<unnamed>,2,comms-hf
0x10006010,<unnamed>,1,comms-hf
0x1000601C,<unnamed>,1,comms-hf
0x10006030,<unnamed>,1,comms-hf
0x1000603C,<unnamed>,1,comms-hf
0x10006044,<unnamed>,1,comms-hf
0x100060C8,<unnamed>,1,comms-hf
0x100060E0,<unnamed>,1,comms-hf
0x100066E0,<unnamed>,6,comms-hf
0x100066E4,<unnamed>,3,comms-hf
0x100066EC,<unnamed>,1,comms-hf
0x100066FC,<unnamed>,2,comms-hf
0x1000672C,<unnamed>,2,comms-hf
0x10006730,<unnamed>,7,comms-hf
0x10006738,<unnamed>,7,comms-hf
0x1000673C,<unnamed>,12,comms-hf
0x10006740,<unnamed>,10,comms-hf
0x10006744,<unnamed>,17,comms-hf
0x10006748,<unnamed>,17,comms-hf
0x1000674C,<unnamed>,3,comms-hf
0x10006750,<unnamed>,1,comms-hf
0x10006754,<unnamed>,3,comms-hf
0x10006758,<unnamed>,2,comms-hf
0x10006760,<unnamed>,6,comms-hf
0x10006764,<unnamed>,6,comms-hf
0x10006864,<unnamed>,5,comms-hf
0x10006870,<unnamed>,6,comms-hf
0x10006874,<unnamed>,3,comms-hf
0x10006878,<unnamed>,3,comms-hf
0x1000687C,<unnamed>,4,comms-hf
0x10006880,<unnamed>,1,comms-hf
0x10006881,<unnamed>,1,comms-hf
0x10006888,<unnamed>,2,comms-hf
0x100068B8,<unnamed>,1,comms-hf
0x10006980,<unnamed>,5,comms-hf
0x10006984,<unnamed>,2,comms-hf
0x10006A80,<unnamed>,6,comms-hf
0x10006A84,<unnamed>,2,comms-hf
0x10006A88,<unnamed>,2,comms-hf
0x10006FA8,<unnamed>,1,comms-hf
0x10006FD4,<unnamed>,2,comms-hf
0x10007170,<unnamed>,2,comms-hf
0x10007178,<unnamed>,2,comms-hf
0x1000717C,<unnamed>,1,comms-hf
0x10007180,<unnamed>,1,comms-hf
0x10007184,<unnamed>,1,comms-hf
0x100071E8,<unnamed>,2,comms-hf
0x100071F0,<unnamed>,9,comms-hf
0x100071F4,<unnamed>,1,comms-hf
0x10007214,<unnamed>,2,comms-hf
0x10007224,<unnamed>,2,comms-hf
0x10007234,<unnamed>,2,comms-hf
0x10007780,<unnamed>,1,comms-hf
0x10007784,<unnamed>,1,comms-hf
0x10008134,<unnamed>,1,comms-hf
0x10008138,<unnamed>,1,comms-hf
0x1000813C,<unnamed>,1,comms-hf
0x10008140,<unnamed>,1,comms-hf
0x10008144,<unnamed>,1,comms-hf
0x10008148,<unnamed>,1,comms-hf
0x1000814C,<unnamed>,1,comms-hf
0x10008150,<unnamed>,1,comms-hf
0x10008154,<unnamed>,1,comms-hf
0x10008158,<unnamed>,1,comms-hf
0x1000815C,<unnamed>,1,comms-hf
0x10008160,<unnamed>,1,comms-hf
0x10008164,<unnamed>,1,comms-hf
0x10008168,<unnamed>,1,comms-hf
0x1000816C,<unnamed>,1,comms-hf
0x10008170,<unnamed>,1,comms-hf
0x10008174,<unnamed>,1,comms-hf
0x10008178,<unnamed>,1,comms-hf
0x10008180,<unnamed>,1,comms-hf
0x10008184,<unnamed>,1,comms-hf
0x10008188,<unnamed>,1,comms-hf
0x1000818C,<unnamed>,3,comms-hf
0x10008190,<unnamed>,2,comms-hf
0x10008194,<unnamed>,1,comms-hf
0x10008198,<unnamed>,1,comms-hf
0x1000819C,<unnamed>,1,comms-hf
0x100081A0,<unnamed>,1,comms-hf
0x100081A4,<unnamed>,1,comms-hf
0x100081A8,<unnamed>,1,comms-hf
0x100081AC,<unnamed>,1,comms-hf
0x100081B0,<unnamed>,2,comms-hf
0x100081B4,<unnamed>,1,comms-hf
0x100081B8,<unnamed>,1,comms-hf
0x100081BC,<unnamed>,1,comms-hf
0x100081C0,<unnamed>,1,comms-hf
0x100081C4,<unnamed>,1,comms-hf
0x100081C8,<unnamed>,1,comms-hf
0x100081CC,<unnamed>,1,comms-hf
0x100081D0,<unnamed>,1,comms-hf
0x100081D4,<unnamed>,1,comms-hf
0x100081D8,<unnamed>,1,comms-hf
0x100081DC,<unnamed>,1,comms-hf
0x100081E0,<unnamed>,1,comms-hf
0x100081E4,<unnamed>,2,comms-hf
0x100081E8,<unnamed>,1,comms-hf
0x100081EC,<unnamed>,1,comms-hf
0x100081F4,<unnamed>,1,comms-hf
0x100081F8,<unnamed>,1,comms-hf
0x100081FC,<unnamed>,1,comms-hf
